{"train/loss":1.420588493347168,"lr":0.0005996040217398033,"iter":3000,"mfu":49.02615347414843,"_runtime":8080.04571108,"_step":30,"_wandb":{"runtime":8327},"val/loss":1.4118375778198242,"_timestamp":1.7434795559077847e+09}