{"lr":3e-05,"_timestamp":1.7435311189261835e+09,"train/loss":0.471130907535553,"_wandb":{"runtime":1899},"iter":26800,"_runtime":1880.674923918,"_step":84,"val/loss":0.586732029914856,"mfu":48.278068629531994}