{"_runtime":256.604652064,"iter":23400,"train/loss":0.5141199231147766,"_wandb":{"runtime":269},"_step":16,"val/loss":0.5848949551582336,"mfu":47.40471856257226,"lr":3e-05,"_timestamp":1.7435318411362433e+09}