{"_wandb":{"runtime":13},"_step":22,"mfu":47.21514601708776,"_runtime":12.541758116,"train/loss":1.3380622863769531,"lr":3e-05,"val/loss":1.993807315826416,"_timestamp":1.743480188086113e+09,"iter":3110}