{"_runtime":20.169110891,"iter":0,"train/loss":10.99850082397461,"_timestamp":1.7434698078761513e+09,"_step":0,"lr":2.998500749625187e-07,"_wandb":{"runtime":795},"val/loss":10.99706745147705,"mfu":-100}