{"_wandb":{"runtime":47247},"_timestamp":1.7435282087318156e+09,"iter":17500,"val/loss":1.179344892501831,"_step":175,"mfu":49.723867354723765,"_runtime":47194.993857565,"lr":0.0005103026948729477,"train/loss":1.1605010032653809}