{"_runtime":258.391854837,"iter":18500,"lr":3e-05,"val/loss":0.6023479700088501,"mfu":48.323034855950304,"_wandb":{"runtime":266},"_timestamp":1.7435290407739933e+09,"_step":10,"train/loss":0.5852540731430054}