{"_runtime":1928.471515029,"train/loss":0.5151215195655823,"_step":153,"_timestamp":1.7435338890561445e+09,"_wandb":{"runtime":1930},"val/loss":0.5852875113487244,"iter":25150,"lr":3e-05,"mfu":42.3197849596868}