{"_timestamp":1.7434802956433427e+09,"_wandb":{"runtime":47},"val/loss":3.1188974380493164,"train/loss":0.05917325243353844,"_runtime":46.825814656,"_step":112,"lr":3e-05,"mfu":46.73556380683681,"iter":3560}